source_url,title,category,summary,key_points,twitter_post,twitter_hashtags,twitter_chars,linkedin_post,linkedin_hashtags,linkedin_chars,word_count,tokens_used,processing_time_ms,timestamp
https://www.python.org/,Welcome to Python.org,Python Programming,This content snippet from Python.org introduces two fundamental Python features: list comprehensions and the `enumerate` function. List comprehensions provide a concise way to create new lists by transforming elements from an existing iterable. The `enumerate` function is demonstrated as a useful tool for iterating over a sequence while simultaneously accessing both the index and the value of each item. These examples highlight Python's readability and efficiency for common list manipulation tasks.,Python list comprehensions offer a concise syntax for creating new lists.; They are used to transform elements from an existing iterable into a new list.; The `enumerate()` function is used to iterate over sequences with an automatic counter.; `enumerate()` returns tuples containing both the index and the value of each item.; These features enhance code readability and efficiency for list manipulation in Python.,"Python list comprehensions offer a concise syntax for creating new lists.

https://www.python.org/

#Programming #Innovation #Python",#Programming #Innovation #Python,132,"ðŸ“Š python programming: Welcome to Python.org

This content snippet from Python.org introduces two fundamental Python features: list comprehensions and the `enumerate` function. List comprehensions provide a concise way to create new lists by transforming elements from an existing iterable. The `enumerate` function is demonstrated as a useful tool for iterating over a sequence while simultaneously accessing both the index and the value of each item. These examples highlight Python's readability and efficiency for common list manipulation tasks.

Key Insights:
1. Python list comprehensions offer a concise syntax for creating new lists.
2. They are used to transform elements from an existing iterable into a new list.
3. The `enumerate()` function is used to iterate over sequences with an automatic counter.
4. `enumerate()` returns tuples containing both the index and the value of each item.
5. These features enhance code readability and efficiency for list manipulation in Python.

Read more: https://www.python.org/

#Programming #Innovation #Python #TechNews #DigitalTransformation",#Programming #Innovation #Python #TechNews #DigitalTransformation,1093,71,476,5018,2025-11-08 11:13:29.621984
https://en.wikipedia.org/wiki/Python_(programming_language),Python (programming language) - Wikipedia,Programming Language,"Python is a high-level, general-purpose programming language designed by Guido van Rossum, emphasizing code readability through significant indentation. It supports multiple programming paradigms, including object-oriented, procedural, and functional, and is dynamically and strongly typed. Widely used in machine learning and as an introductory language, Python boasts a large standard library and a vast ecosystem of third-party packages. Its development is guided by the Python Enhancement Proposal (PEP) process, with CPython being its reference implementation.","Python is a high-level, general-purpose, multi-paradigm programming language (object-oriented, procedural, functional, etc.).; Designed by Guido van Rossum, its core philosophy emphasizes code readability, notably through significant indentation.; It features dynamic and strong typing, garbage collection, and optional type annotations, with a distinction between mutable and immutable data types.; Python has a large standard library and a thriving ecosystem of over 614,000 packages on PyPI, making it popular for machine learning and education.; CPython is the reference implementation, but other implementations like PyPy offer performance improvements, and the language supports various optimization strategies.","Python is a high-level, general-purpose, multi-paradigm programming language (object-oriented, procedural, functional, etc.).

https://en.wikipedia.org/wiki/Python_(programming_language)

#Programming #Innovation #Python",#Programming #Innovation #Python,220,"ðŸ“Š python programming: Python (programming language) - Wikipedia

Python is a high-level, general-purpose programming language designed by Guido van Rossum, emphasizing code readability through significant indentation. It supports multiple programming paradigms, including object-oriented, procedural, and functional, and is dynamically and strongly typed. Widely used in machine learning and as an introductory language, Python boasts a large standard library and a vast ecosystem of third-party packages. Its development is guided by the Python Enhancement Proposal (PEP) process, with CPython being its reference implementation.

Key Insights:
1. Python is a high-level, general-purpose, multi-paradigm programming language (object-oriented, procedural, functional, etc.).
2. Designed by Guido van Rossum, its core philosophy emphasizes code readability, notably through significant indentation.
3. It features dynamic and strong typing, garbage collection, and optional type annotations, with a distinction between mutable and immutable data types.
4. Python has a large standard library and a thriving ecosystem of over 614,000 packages on PyPI, making it popular for machine learning and education.
5. CPython is the reference implementation, but other implementations like PyPy offer performance improvements, and the language supports various optimization strategies.

Read more: https://en.wikipedia.org/wiki/Python_(programming_language)

#Programming #Innovation #Python #TechNews #DigitalTransformation",#Programming #Innovation #Python #TechNews #DigitalTransformation,1513,74,15067,6937,2025-11-08 11:13:31.541141
